{
	"class_name" : "PinholeCameraParameters",
	"extrinsic" : 
	[
		0.0050400299429724238,
		0.94642458588233414,
		0.32288558551850266,
		0.0,
		-0.5291845774442423,
		0.27649699980780368,
		-0.80219267766069913,
		0.0,
		-0.84849176842991991,
		-0.16682299702000239,
		0.50222684772115833,
		0.0,
		-9.6053657934930783,
		-2.8515643433423712,
		200.62169933592853,
		1.0
	],
	"intrinsic" : 
	{
		"height" : 1080,
		"intrinsic_matrix" : 
		[
			935.30743608719376,
			0.0,
			0.0,
			0.0,
			935.30743608719376,
			0.0,
			959.5,
			539.5,
			1.0
		],
		"width" : 1920
	},
	"version_major" : 1,
	"version_minor" : 0
}