{
	"class_name" : "PinholeCameraParameters",
	"extrinsic" : 
	[
		0.9915699554133881,
		0.1251998490511082,
		0.03337695790618446,
		0.0,
		0.11635553469930442,
		-0.97371888911900917,
		0.19578793251291557,
		0.0,
		0.05701239397122744,
		-0.19025383772850091,
		-0.98007809084952358,
		0.0,
		6.7191201898427817,
		-4.7841120518392231,
		62.0211142339692,
		1.0
	],
	"intrinsic" : 
	{
		"height" : 1047,
		"intrinsic_matrix" : 
		[
			906.72859776230734,
			0.0,
			0.0,
			0.0,
			906.72859776230734,
			0.0,
			959.5,
			523.0,
			1.0
		],
		"width" : 1920
	},
	"version_major" : 1,
	"version_minor" : 0
}