{
	"class_name" : "PinholeCameraParameters",
	"extrinsic" : 
	[
		-0.5480020564542526,
		-0.2959211147739565,
		0.78238381882094743,
		0.0,
		0.74898707347615101,
		-0.59004584367728929,
		0.30143700191712824,
		0.0,
		0.37244074681422951,
		0.75118346373578737,
		0.5449874254717848,
		0.0,
		0.02464250874300733,
		-0.1189764297211211,
		2.8475500819358706,
		1.0
	],
	"intrinsic" : 
	{
		"height" : 720,
		"intrinsic_matrix" : 
		[
			623.53829072479584,
			0.0,
			0.0,
			0.0,
			623.53829072479584,
			0.0,
			639.5,
			359.5,
			1.0
		],
		"width" : 1280
	},
	"version_major" : 1,
	"version_minor" : 0
}