{
	"class_name" : "PinholeCameraParameters",
	"extrinsic" : 
	[
		-0.60562393908901535,
		0.11693130723573882,
		0.78711289774113469,
		0.0,
		0.13132091937047313,
		-0.96089616900138852,
		0.24378959890477025,
		0.0,
		0.78484040450144921,
		0.25100920657736109,
		0.56658619615677663,
		0.0,
		0.034567979508591806,
		0.787073281986711,
		3.1585781784695968,
		1.0
	],
	"intrinsic" : 
	{
		"height" : 720,
		"intrinsic_matrix" : 
		[
			623.53829072479584,
			0.0,
			0.0,
			0.0,
			623.53829072479584,
			0.0,
			639.5,
			359.5,
			1.0
		],
		"width" : 1280
	},
	"version_major" : 1,
	"version_minor" : 0
}