{
	"class_name" : "PinholeCameraParameters",
	"extrinsic" : 
	[
		0.99802174220634732,
		-0.0041629652952848767,
		0.06273174478170937,
		0.0,
		-0.003223525002358325,
		-0.99988125562499386,
		-0.015069291169292759,
		0.0,
		0.062787028676044535,
		0.014837262878846883,
		-0.99791665216103975,
		0.0,
		2.3073708694836816,
		-3.3022759758844522,
		44.843372747149182,
		1.0
	],
	"intrinsic" : 
	{
		"height" : 1047,
		"intrinsic_matrix" : 
		[
			906.72859776230734,
			0.0,
			0.0,
			0.0,
			906.72859776230734,
			0.0,
			959.5,
			523.0,
			1.0
		],
		"width" : 1920
	},
	"version_major" : 1,
	"version_minor" : 0
}