{
	"class_name" : "PinholeCameraParameters",
	"extrinsic" : 
	[
		0.085103261658569906,
		0.30332342087780584,
		0.94907973174125815,
		0.0,
		0.29987079454080295,
		-0.91616926213830896,
		0.26591613282088455,
		0.0,
		0.95017626861364024,
		0.26197096300913242,
		-0.16892682766075742,
		0.0,
		-56.512445762768301,
		0.61766966336001161,
		155.16808402231328,
		1.0
	],
	"intrinsic" : 
	{
		"height" : 1080,
		"intrinsic_matrix" : 
		[
			935.30743608719376,
			0.0,
			0.0,
			0.0,
			935.30743608719376,
			0.0,
			959.5,
			539.5,
			1.0
		],
		"width" : 1920
	},
	"version_major" : 1,
	"version_minor" : 0
}