{
	"class_name" : "PinholeCameraParameters",
	"extrinsic" : 
	[
		0.91211228527288446,
		-0.35969975669047538,
		-0.1966399351380313,
		0.0,
		-0.38188158612548623,
		-0.91996107063024291,
		-0.088532946992294331,
		0.0,
		-0.14905580576602578,
		0.15584515892920886,
		-0.97647050810855029,
		0.0,
		-15.958478230267252,
		-2.6144157216757797,
		57.996975142349712,
		1.0
	],
	"intrinsic" : 
	{
		"height" : 1047,
		"intrinsic_matrix" : 
		[
			906.72859776230734,
			0.0,
			0.0,
			0.0,
			906.72859776230734,
			0.0,
			959.5,
			523.0,
			1.0
		],
		"width" : 1920
	},
	"version_major" : 1,
	"version_minor" : 0
}