{
	"class_name" : "PinholeCameraParameters",
	"extrinsic" : 
	[
		0.84066608818120492,
		0.53964242001099627,
		-0.045459726206678437,
		0.0,
		0.46487796220034666,
		-0.76215256944917509,
		-0.45056846443406739,
		0.0,
		-0.27779310366271459,
		0.35764440357245342,
		-0.8915836876876676,
		0.0,
		0.20362527815859865,
		-0.011502430542699837,
		2.3239171092310342,
		1.0
	],
	"intrinsic" : 
	{
		"height" : 720,
		"intrinsic_matrix" : 
		[
			623.53829072479584,
			0.0,
			0.0,
			0.0,
			623.53829072479584,
			0.0,
			639.5,
			359.5,
			1.0
		],
		"width" : 1280
	},
	"version_major" : 1,
	"version_minor" : 0
}