{
	"class_name" : "PinholeCameraParameters",
	"extrinsic" : 
	[
		0.79806477820760324,
		-0.12645330108036051,
		0.58915377655611179,
		0.0,
		-0.16017619494224761,
		-0.98707519910280794,
		0.0051125228581669147,
		0.0,
		0.58089258590403126,
		-0.098448534585497419,
		-0.80800475845114672,
		0.0,
		9.6719755308810882,
		-1.7656221964264374,
		-8.0455026242647101,
		1.0
	],
	"intrinsic" : 
	{
		"height" : 1047,
		"intrinsic_matrix" : 
		[
			906.72859776230734,
			0.0,
			0.0,
			0.0,
			906.72859776230734,
			0.0,
			959.5,
			523.0,
			1.0
		],
		"width" : 1920
	},
	"version_major" : 1,
	"version_minor" : 0
}