{
	"class_name" : "PinholeCameraParameters",
	"extrinsic" : 
	[
		-0.11926466785748062,
		-0.39203453331225085,
		0.91218685788137222,
		0.0,
		0.19627975275028081,
		-0.90992210819611796,
		-0.36539843414582523,
		0.0,
		0.97326779339559655,
		0.13546468804296591,
		0.18546999927828886,
		0.0,
		12.569029068449375,
		2.1985288568858223,
		9.3610503381223324,
		1.0
	],
	"intrinsic" : 
	{
		"height" : 1047,
		"intrinsic_matrix" : 
		[
			906.72859776230734,
			0.0,
			0.0,
			0.0,
			906.72859776230734,
			0.0,
			959.5,
			523.0,
			1.0
		],
		"width" : 1920
	},
	"version_major" : 1,
	"version_minor" : 0
}